总口碑数量,在售口碑数量,车型名称,车型版本,发表时间,用户昵称,口碑标题,行驶里程,夏季电耗,春秋电耗,冬季电耗,夏季续航,春秋续航,冬季续航,百公里油耗,裸车购买价,购买时间,购买地点,最满意,最不满意,空间评分,空间评论,驾驶感受评分,驾驶感受评论,续航评分,续航评论,外观评分,外观评论,内饰评分,内饰评论,性价比评分,性价比评论,智能化评分,智能化评论,油耗评分,油耗评论,配置评分,配置评论,观看数,点赞数,评论数,购车目的,评论链接,爬取时间
21,6,理想MEGA,2025款 Ultra 智能焕新版,2026-03-11,深圳车友1204087,移动的家,200km,,18.0kWh,,,500公里,,,52.00万,2026-03,天津,最满意的肯定是外观和空间，当初同级别的MPV试驾了个遍，购车最大的因素就是因为颜值这一块，抛开网上的喷子不谈，未来几年只会有模仿者不会有超越者。对比同级别的mege的空间是最大的尤其是第三排的空间一点也拥挤，还有就是舒适度，冰箱彩电从人人唾弃到现在人人模仿，这就能说明这是一个符合大众消费的观念。,因为之前开过其他的mpv，所以mega的内饰确实有一点失望，国产50万级别以上车的顶棚居然还是基础布料有一点点失望。,5.0,空间很大，真的是用大来形容的，第二排坐两个一米八五的壮汉，第三排坐人也一点都不拥挤。,5.0,油门响应很快，刹车感觉有一点偏软，还有就是空气悬挂简直是无敌过坑什么的简直不要太稳。还可以自 动的调节悬架高低，很好。,5.0,因为刚提回来，目前的电耗有点超乎想象没想到这么省点，目前才18的电耗有可能是因为外形的原因风阻不是很大。,5.0,外观的话其实有一点仁者见仁智者见智的感觉，喜欢的人特别喜欢，不喜欢的人就是很讨厌，其实我当初选这款车很大一部分原因就是因为外观，第一眼看到的时候都震惊了，这个小车太前卫了，满满的科技感。,4.0,理想主打冰箱彩电大沙发而且全车智能化，不用你在麻烦的找那个按键对应那个功能，只需要喊一声理想同学就可以满足你的要求，就是顶棚的织物感有一点失望。,5.0,这车的性价比我感觉还是可以的，不管是从续航，智能化，舒适度绝对是值这50万的。,5.0,全车智能化，理想同学可以解决你百分之九十五的问题，智能驾驶也是国内第一梯队的。,0,,0,,26136,13,25,"接送小孩, 自驾游",https://k.autohome.com.cn/detail/view_01kkd96h9n6mw32c1m68tg0000.html#pvareaid=2112108,2026-05-10 13:16:17
21,6,理想MEGA,2025款 Home 家庭特别版,2025-10-09,理查德米饭饭,理想megahome，为即将面世的小米饼买的大玩具,1630km,,17.0kWh,,,545公里,,,56.00万,2025-09,上海,首先是外观，当初同级别mpv全试驾了遍，购车最大的因素还是因为颜值，抛开网上带节奏的水军不谈，这外观几年内只会有模仿者不会有超越者。其次是舒适度，冰箱彩电大沙发人人喊打却人人向往，不接受反驳，毕竟刚结束的国庆假期带着全家一路躺着到达目的地，只有拥有才知道有多香。,我是比较注重内饰的，国产50万级别以上车的顶棚居然还是基础织物的有点失望，不排除后期会自己去改装。第二就是这么大的mpv这么长的车身没有转向助力，这个转弯半径也过于大了点吧，遇到比较窄的道路和比较紧凑的车位还是有点难度的。,5.0,无论是坐在一排二排还是三排空间都还是很宽裕，头部空间也足够没有压迫感，储物空间中规中矩，主要是为了即将出生的小米饼购买的家用车所以家用足矣,5.0,虽然看了许多博主的评测，在竞品中009的操控和提速会比mega表现更优，但是单纯从家用来说，mega的驾驶感受绝对是同级天花板不接受反驳，毕竟家用场景下不需要分秒必争，也不需要跑山呀。,5.0,家中另一台纯电车是特斯拉，用车5万公里了，几乎没怎么出过上海，因为我有充电焦虑，总是担心电量不够，mega打消了我的焦虑，虽然在竞品中续航并不是最优，但是子弹头的设计大大降低了风阻和电耗，基本江浙沪一日游往返单次充电足矣。,5.0,外观方面我和米饼妈妈都特别满意，虽然网上很多黑评，但是我们花着自己的钱买自己所爱何需理会呢？会购买mega外观因素至少占了50%因素。选车时展厅没有银色现车，盲选的银色因为我们觉得银色和mega的车身特别搭，后续我们会贴成白底因为小米饼马上出生了，我们准备让小米饼自己抓阄看他喜欢什么卡通形象我们就在白底上再贴卡通涂装。,4.0,内饰选择了白色，我不想为了不确定的未来而在自己喜欢的选择上妥协，虽然买这台车主要是为了接送即将出生的小米饼，身边都劝我白色容易脏，小朋友很同意弄脏，可其他颜色就不会脏了吗？再说脏了我可以洗啊，洗不干净我可以改啊！当下喜欢才最重要不是么。副驾屏幕也为选择mega加分了，购车前对比完所有车型唯二的对比就是极氪009和理想mega，副驾屏又上一分。,5.0,综合性价比还是不错的，很多人都用mega去和极氪009，小鹏x9，岚图对比，但我其实是向上与埃尔法，沃尔沃em90等车型对比的，所以性价比我给出五星。因为我是纯家用，商用有其他车，纯粹家用的角度下，性价比真的很高，该有的都有了，其他车型没有的mega也有,5.0,mega home 目前在市面上同级别车型内的智能化不说t0级别也是t1级别的，在辅助驾驶下时等待红绿灯起步时不会有明显的顿挫感，不会“一脚刹车一脚油门”而是线性的加减速，这是比较可圈可点的地方，在车距保持方面也把控的特别好，语音反馈速度特别快，相较之下特斯拉像个稚儿。,0,,0,,42721,21,191,"购物, 接送小孩, 自驾游",https://k.autohome.com.cn/detail/view_01k747bj5b6mvk0d9n6cwg0000.html#pvareaid=2112108,2026-05-10 13:16:24
21,6,理想MEGA,2025款 Home 家庭特别版,2025-05-26,chinayang90,MEGA home，中年提供第二次情绪价值的车,100km,,20.0kWh,,,600公里,,,53.40万,2025-05,北京,外观是我最满意的，也是我首选这台车的理由，科幻的外观秒杀其他常规MPV，舒适度也是最好的，像悬浮的一艘大船,稍微就是续航没有那么猛，实际市区续航五六百吧，高速四百多，好在充电算快,5.0,,5.0,,4.0,续航这块稍微虚了点，满电市区里五六百公里吧，高速四百多，现在5C铺的比较多就还好，提车免费送了3000度电，能用一阵了,5.0,这是最满意的点,5.0,内饰没啥好说的，新款咖色非常上档次，用料没得说，整体设计就是理想家族设计,4.0,性价比这个各人看法各异了，我觉得物有所值，至少这套设计就是这个价位唯一的。而且我也是理想one首批用户，还有额外的一些补贴和优惠，终身质保也转移到了新车，这是让我非常安心的，总之是一台非常好的车,5.0,智能化绝对第一梯队，从工厂出来就一直开智驾了，挺顺畅，有一些小区可能还是不太识别，估计七月后VLA更新后就好了,0,,0,,71330,32,167,,https://k.autohome.com.cn/detail/view_01jw5sv8dv6mv32c1r6wwg0000.html#pvareaid=2112108,2026-05-10 13:16:31
21,6,理想MEGA,2025款 Home 家庭特别版,2025-04-29,幼安不下车,座椅玩出新高度！MEGA Home把客厅搬进了车里,暂无,,,,,,,,,,,,,5.0,二排的两把旋转零重力座椅同时支持无级电动旋转和零重力功能 让移动的家延伸出无限可能 不论是180°对坐还是45°便捷上下车都能轻松拿捏 而且对坐大客厅模式下的上下车也无需担心 亲自体验过后发现它比很多MPV的第三排上下车空间都要更宽敞 最开始我还担心对坐模式下满座4人+一张桌子后的腿部空间 如此一看完全无须担心，相当充裕 甚至2个人的时候开启零重力模式妥妥的秒变大床房 虽然定位家用车，但设计师绝对偷偷修炼过空间折叠术！ 而且这张悬浮小木桌也不简单哦 可以随意转动调整自己喜欢的位置 拆装过程极为简单，还可以无缝放置在后备厢的下沉空间内,5.0,配合上双腔魔毯空气悬架，可以在驻车后降低悬架高度，简直贴心加倍～ 你以为这就完了？人家连细节功能都不放过！ MEGA Home特别带来了18点热石揉捏按摩 还首发了吹吸一体的呼吸式座椅通风 把车开到山野湖边，后排一键躺平，小桌支起来放上零食饮料，打开喜欢的电影 嘶～～～想想都不要太快乐，简直把仪式感卷到天花板,5.0,,5.0,外观与原来基本保持了一致 不过180°对坐的二排座椅着实让人眼前一亮,5.0,看到车内第一眼：这不是移动的北欧客厅吗？ 刚靠近就被治愈系配色击中——浅木纹饰板、奶油白皮革，空气里仿佛飘满了家的味道。 “比我家沙发还舒服”——这是试坐后脑子里蹦出的第一句话 MEGA Home这次可以说是在舒适家用上面彻底放飞 厚厚的填充层让人坐下去像跌进棉花糖，久坐也不会腰酸,0,,5.0,,0,,0,,45305,12,32,,https://k.autohome.com.cn/detail/view_01jsyk6vjt6mtkjdsr6ww00000.html#pvareaid=2112108,2026-05-10 13:16:38
21,6,理想MEGA,2025款 Home 家庭特别版,2025-04-21,chinayang90,理想mega home的初体验,暂无,,,,,,,,,,,,,5.0,,5.0,,5.0,,5.0,,4.0,,0,,5.0,,0,,0,,22424,0,35,,https://k.autohome.com.cn/detail/view_01jsb1ywc16mtkjc9p70w00000.html#pvareaid=2112108,2026-05-10 13:16:47
21,6,理想MEGA,2025款 Home 家庭特别版,2025-10-26,ap4p5cgd2,严重质量问题,1200km,,26.0kWh,,,500公里,,,55.98万,2025-10,沈阳,沈阳理想mega新车一千公里，提车14天，充电预热异响，充电启动联电异响，沈阳售后不给解决方案，直说给换件，一个六十万的新车就这么处理吗？理想的质量，理想的售后都哪去了。理想对一台新车就这么处理问题吗？上海刚刚发生着火事件，让我们这些车主还有信任感吗？一台刚用14天的新车就要各种维修，是这台车我们还能用的放心吗？还敢使用吗？真是太失望了！！！,最基础的质量问题都无法保障还有什么可说的，其他的一切都不重要了！,1.0,,1.0,,1.0,,1.0,,1.0,,1.0,,1.0,,0,,0,,5371,7,7,,https://k.autohome.com.cn/detail/view_01k8e20c5w6mvk2dhp6ww00000.html#pvareaid=2112108,2026-05-10 13:16:54
21,6,理想MEGA,2024款 Ultra,2025-06-07,行走的法师羊,理想mega提车半年使用感受来喽,59967km,14.3kWh,,,530公里,,410公里,,52.98万,2024-10,杭州,首先说说为什么选择理想mega，其实家里一直有计划买一辆mpv，这样家里双方父母都在时候只开一辆车就可以了，所以也一直在关注着各种热门mpv！其实我自己一直很喜欢埃尔法的外观，可是无奈空间和动力注定它并不适合自己开，更不适合家庭多人出行。对比之前其他品牌的车子外观又没有让我心动，直到mega发布之后，我感觉这个独特的样子还是很心动的。刚好八月份结束了新疆西藏自驾回来，硬派越野再开也没有意思了，所以就开始计划换购，和家里人试驾试乘之后，毫无抵抗力的就被mega征服。 提车以后，mega的整体表现一点也没有让我失望，无论是乘坐舒适度，还是驾驶操控都很满意。我之前家里两个油车一个是硬派越野，一个是AMG，开上mega后让我坚定的把两个全部卖掉，无论出游还是工作，都只开这一辆车。 我之前在社交平台上分享过说，mega开起来像一条灵动的大鱼，有人提出了质疑，说没有后轮转向哪里来的灵动！这一点我想说，对于车技好的我来说，没有后轮转向依然可以很从容的调头，无论杭州还是上海，新城老区，无论多复杂的路况都可以轻松应对。我不否认后轮转向的作用，但对我来说就是可有可无。 其次再分享一下理想mega的超充体验，十几分钟就可以直接充满。买了MEGA之后，朋友就问我这车过年能开的回来嘛，路上要多开一天？其实对于这一点，在买之前就已经算过，和之前的油车一样，因为我有理想5C超级充电站！看车时候销售就给我展示了理想的长途规划，从杭州到老家一路上规划了5c，看完后就毫无顾虑喽！,最不满意的那应该就是内二排座椅没有零重力，不过现在改款已经升级喽！,5.0,空间整体使用感觉，就是非常满意，空间大，特别是第三排，大天窗，大侧窗，关键是三排座椅舒适度无敌的好，对比其他车子理想是最好的！目前我家多人出行时候，副驾都不愿意坐，优先二排三排！目前来说mega空间优势是最大的车了吧，全车都舒服才是mpv最关键的！,5.0,我们每年都有几次长途自驾，现在从纯油硬派越野直接换到纯电的理想MEGA也照样继续自驾旅行，之所以敢选择纯电车，正是因为理想超充布局给了底气，每去一个城市只要充电地图看到有超充站，就可以随意的开，从来不关心剩下多少电量，因为充电速度真的是太快了，十几分钟就充满的体验感简直不要太好，要不是充电时候可以休息可能都忘了这是一辆电车！,4.0,Mega夏天电耗可以达到到13个，这是没有想到的，估计是因为风阻小吧，不过因为有理想超充，续航从来没有担心过。最后再分享一下理想mega的超充体验，十几分钟就可以直接充满。买了MEGA之后，朋友就问我这车过年能开的回来嘛，路上要多开一天？其实对于这一点，在买之前就已经算过，和之前的油车一样，因为我有理想5C超级充电站！看车时候销售就给我展示了理想的长途规划，从杭州到老家一路上规划了5c，看完后就毫无顾虑喽！ 雴 因为5C每次只需要10多分钟就充满，所以一路都没啥顾虑，空调座椅加热都随便用，行驶速度也就。 没啥顾虑，感觉就和油车一样，不得不说超充是真香！ 知道一路有理想5C充电站，所以无论跑多远都没有续航焦虑，更不存在为了保续航开龟速车，这种体验和传统油车毫无差异，重点是春节期间高速充电站还免服务费，这次回来充电费用只有我之前3.0T油车加油钱的十分之一，简直不要太爽！现在只希望高速5C可以继续多起来，多到不需要提前做规划，走到哪里都可以有5C充，那样用车体验将会变成极好！,5.0,外观那是太喜欢了，作为摄影师的我有时间就喜欢给它拍些美图，而且停在路边回头率百分百的高，无论别人怎么说，自己喜欢才是最重要的！,5.0,,4.0,目前来说性价比对比埃尔法还是很高的，毕竟冰箱彩电大沙发都是家用刚需！所以我自己个人觉得还是很值！,5.0,,0,,0,,30152,17,19,,https://k.autohome.com.cn/detail/view_01jx444hc36mv32dhr68rg0000.html#pvareaid=2112108,2026-05-10 13:17:01
21,6,理想MEGA,2024款 Ultra,2025-06-05,凉薄暮年间,理想mega奶爸的选择,5000km,20.0kWh,,,500公里,,430公里,,53.00万,2025-01,北京,理想mega这车让我最满意的莫过于整车科技感非常强，而且有足够的空间自己diy，可以按照自己的喜欢或者孩子的喜欢随意发挥，整车集智能化舒适感科技感美观为一体，是接送孩子上下学的奶爸神车。,要说这个车让我最不满意的地方当属后备箱空间了，可能因为大部分空间都给了乘坐部分，但是后备箱的空间留的位置实在太少了，每次放一点点东西就放不下了，有的稍微大点的东西也放不下，虽然可以把座椅调节放下增加后备箱空间，但是孩子上车又喜欢去最后一排，又得马上给调回来，总这样调来调去的确实很麻烦，应该在不调座椅的情况下再加大一点后备箱空间才好。,5.0,理想mega这个车的空间那是没得说，买这车的另一个主要原因就是空间大，孩子可以在车里活动空间也大，就像一列行驶的火车专列一样，给了孩子很大的空间。,5.0,理想mega这个车整体驾驶感受还是很舒适的，主要大沙发坐着舒服，智能化又强，总是不断的更新系统，推出更方便的驾驶辅助功能，让你驾驶起来越来越轻松，女士开起来也是轻轻松松，提速也比较快，毕竟电车提速都快，不过我家买这个车的定义是接送孩子用的，都是以安全平稳为主，所以竞速方面没有尝试过，都是路上稳稳的开。,5.0,整车续航表现非常惊艳，不会出现续航大打折扣的现象，夏天开空调也有很好的续航表现。,5.0,理想mega这个车的外观是我最喜欢的点，未来科技感十足，整车diy发挥空间比较大，孩子可以按照自己喜欢去装饰车子，这个车就是为了接送孩子上下学特意买的，所以并不考虑商务用途，所以孩子怎么喜欢就怎么来，这是属于孩子自己的车，每次开这个车接送孩子上下学，回头率都超高，孩子的同学也都纷纷投来羡慕的眼光，在小孩子眼里没有比有一辆属于自己的专属座驾更高兴的事了，同学都想座座他的专属座驾，孩子内心也自信阳光了很多。,5.0,内饰方面就更没的说了，理想汽车主打的优势就是冰箱彩电大沙发，坐在里面就跟回家了一样，又大又舒服，看着电视喝着冰镇饮料，孩子到车上就像回家了一样，无论是睡觉还是娱乐都非常便利，这就是奶爸神车该有的表现。,5.0,理想mega这车性价比我个人觉得还是很不错的，五十万这个价位不算便宜也不算贵，但是总体表现和实用性是值这个价的。,5.0,理想汽车除了冰箱彩电大沙发以外，主打另一个方面就是全车智能化，无论是从驾驶方面还是从乘坐方面，都非常智能，不用你再去很麻烦的找哪个按键对应哪个功能，只需要一声理想同学，就可以满足你的所有需求，比如理想同学，打开遮阳帘，理想同学，打开座椅按摩，打开座椅通风，空调调到26度等等，就像有个秘书在你身边，帮你完成所有你想做的事情，你只需要躺那吩咐就行了。,0,,0,,19314,13,8,,https://k.autohome.com.cn/detail/view_01jwzctqbr6mv32d9r60tg0000.html#pvareaid=2112108,2026-05-10 13:17:08
21,6,理想MEGA,2024款 Ultra,2025-03-10,德州车友6841615,理想Maga真的很理想,14005km,,23.0kWh,,,400公里,,,53.98万,2024-11,济南,车的悬挂系统很好，车的整体舒适好，车内空间非常宽敞，辅助驾驶，自动泊车功能好用，车在行驶过程的隔音很好，驾驶安静。,车身大但后视镜面积小，视野有盲区，乘客容易晕车，将模式全部调成运动会好一些，但依旧比燃油MPV容易晕车。,5.0,作为一款中大型SUV，理想Maga的空间非常宽敞。后排空间非常宽裕，让人感到非常舒适。座椅也很舒服。还可以躺平，行李厢的空间也非常大，完全可以满足一家人旅游出行。,4.0,理想Maga的驾驶感受，它的平顺性和舒适性却是我需要特意强调的。买这个车，主要是要追求舒适感，电动机的响应非常快，车内开起开，也十分的安静。,5.0,早上MEGA跑了高速，全程120KM/H，车上2个人，后备箱塞满了东西，室外温度10度。 空调正常开，座椅加热，按摩都打开 均速高达116.5KM/H 驱动电耗 23.3kWh/100KM 综合电耗 23.3/0.941=24.76kWh/100KM 那么MEGA 102.7kWh的电池，可以跑415KM,5.0,理想Maga的外观设计非常现代，第一次见到这种车型，跟之前的商务车的造型，有很大的不同，身线条流畅，前脸非常有辨识度。尤其是前大灯的造型，给人一种科技感十足的感觉。整体视觉效果上，Maga更有一种未来的科技感。,5.0,内饰的设计比较简洁而精致，整个车内的氛围非常温馨，也不缺豪华感，人一种高端感。中控屏的操作非常流畅。氛围灯感觉拉满的。,5.0,这车如果你能接受它的外观和价格，这车绝对是个不错的选择。别被网络的舆论所影响，喜欢的可以自己去试驾一下，车是自己的，别人的评价只能作为参考。,5.0,智能化最喜欢的功能还是自动泊车功能，车身比较大，不方便停车，有了这个自动泊车功能，然后省心了不少，车的小蓝灯也很炫酷的。,0,,0,,36330,0,45,,https://k.autohome.com.cn/detail/view_01jnxz3eeb6mtkcd9j70s00000.html#pvareaid=2112108,2026-05-10 13:17:15
21,6,理想MEGA,2024款 Ultra,2024-08-19,滴滴一声完事儿,孩子喜欢的就是好东西,2540km,16.1kWh,,,550公里,,,,52.98万,2024-07,成都,选择MEMA我最看重的就是它的外观设计，相比传统MPV浓厚的商务性质，它完全打造了一辆纯属家庭使用的MPV，同时也让我的感官发生的质的变化，原来MPV并不是商务使用的专属，同样可以成为家庭用车的标杆，整个理想品牌的定位确实非常的清晰明了，就是打造一辆家庭用车，所以不管是L系列还是MEMA，它的定位永远都是围绕着家庭来造车的，外观设计既年轻时尚，又科幻运动、不管是大人还是小孩对它的外观都是记忆深刻的，开在路上的辨识度也相当高，我还没换车之前，我的孩子经常在路上都会到处找理想汽车，他总觉得理想汽车很不一样，星环大灯很吸引他的目光。MEMA虽然没有了星环大灯，但是造型更加的犀利，更加的具有辨识度，我孩子称它为钢铁侠。,不满意的暂时没有，全是优点，到现在为止我和家人都还沉浸在提车后的喜悦中，每天都充满了快乐，因为它带给我们的惊喜确实太多太多了，拥有它后我们每一天的出行都变得更加的期待和向往，,5.0,买它也就是看重它的空间足够大，我们的家庭成员比较多，小车完全不够用，而且乘坐不舒适，MEMA刚好能满足我们的乘坐需求，大家一致决定买它没错，座椅的灵活变动让整个空间都灵动了起来，每排座位都挺宽敞的，后备厢也很大，相比其他MPV车型来说算是很大的了。,5.0,这个暑假，我经常开车带孩子出门旅行，坐在车内的视野非常开阔，各种路况都有尝试，特别是川西一带的复杂多变，MEMA都能体现出它超高的通过性，就算高海拔地区都能轻松应对，坑洼路面可以调高悬架，而且也不会感受到太强烈的颠簸。,5.0,这段时间都是在外面跑得多一些，很少在市区跑，续航方面还是挺满意的，充满电能跑五百多公里，沿途都有比较多的充电站，充电速度也快，如果遇到有超充站，还可以享受到800V的超充，充电速度蹭蹭的往上涨。,5.0,小孩子的心思怎么可能会有坏心思呢，所以当初定车有很一部分原因是因为孩子很喜欢MEMA的外形，他从认识理想这个品牌的车型开始就一直很喜欢，所以我们都挺尊重他的意愿，很快就下决定定了MEMA，当然我和家人也都挺喜欢这个外观设计的，科技感、独特性都非常强，开在路上的辨识度也相当的高，可以说现在我每天开出去，路人的后头率都是保持着高增长的，时常都会发现路边的行人在回头驻足观看我的车。不仅大还很特别。我发现小孩子都挺喜欢的。,5.0,座椅超级舒服，配置也完全按照家庭用车的标准来设计的，每次家人一起出行都觉得有家的温度，比如前后娱乐屏设计，旅途中不在无聊了，前两排带座椅通风加热按摩，三排还带加热功能，很人性化，而且二排还带腿托功能，家里老人坐在上面别提多安逸了。,5.0,我觉得买回来后各种体验还是非常让我们满意的，堪比百万级的传统豪华车了，所以我觉得性价比还是挺高的。,5.0,一路上我孩子就没有停歇过，要么就是坐在后面看动画片，要么就是和“理想同学”各种对话，智能语音交互真的非常适合有孩子的家庭，不懂的都可以问“理想同学”。,0,,0,,105259,0,150,,https://k.autohome.com.cn/detail/view_01j5nmcczn6mt34csp6rtg0000.html#pvareaid=2112108,2026-05-10 13:17:22
21,6,理想MEGA,2024款 Ultra,2024-08-19,D万D万,油车换电车后的用车感受,1740km,16.8kWh,,,540公里,,,,52.50万,2024-06,成都,从燃油轿车置换成理想MEMA还是犹豫纠结了很久的，本来理想MEMA刚出来的时候我看到外形就特别的喜欢，那时候就打算换车了，但是突然之间网络上充斥了太多的负面消息，导致我和家人都犹豫了，从此又踏上了继续看车选车的道路，但是看到其他车时都毫无疑问的都会拿它和MEMA 对比，始终都存在一些差距，不让人尽善尽美，通过几个月的沉淀，网上的负面消息逐渐的减少了一些，我们又再次让MEGA回到了我们的视野中来，突然发现没有它还是真是不行，因为独特的外观设计，有人喜欢有人吐槽，我刚好是喜欢的那类人群，超科幻超未来的设计感，让我感觉来到了未来世界。另外800V超充让它就算是纯电车，充电也变得更加的快捷和方便了。理想的超充站也陆续的加紧建设中，配套基础设施能够全国性大范围的铺设，可见这家车企的实力很不一般。成功拿下，从此它就成为了我们家的一份子。,不满意的是高速上电耗特别大，续航里程折扣也比较大，差不多要打8折多，高速上的实际续航其实只有四百多公里的样子，我回一次老家将近五百公里，中途还需要充一次电才行，遇到节假日服务区的超充站还要排队，补能不太方便。,5.0,空间其实挺大的，特别是后备厢的容纳空间很让我吃惊，印象中MPV的后备厢都比较小气，放不了多少东西，实际上理想MEMA的后备厢超级能装，买车时销售就给展示了，可以容纳4个28寸、2个20寸的行李箱，可见装载能力确实不一般，另外第三排座椅折叠后，又会形成一个更加巨大且平整的后备厢。,5.0,这么大的车开在手中很轻巧，双电机配置行驶质感安静流畅，刹车也是比较偏向于我的驾驶习惯，几乎不需要去刻意适应，风阻低，高速上驾驶稳定性高，加速性能特别强，遇到要超车选择高性能驾驶模式，轻轻松松完成超越，当然正常的标准和舒适模式同样也没问题，每种模式我都有体验过，针对性都很强，但是一般车上有家人我都是用的舒适模式驾驶，大家乘坐会更加舒服一些。,4.0,市区正常使用的话，续航完全够用了，一周多充一次电都没有问题，如果高速上驾驶，掉电会很快，续航差不多打8折多吧，实际只能跑四百多功力的样子。,5.0,外观属于萝卜青菜各有所爱吧，反正我喜欢就行，别人喜不喜欢我不干涉也不辩解，反正争议挺大的。我就喜欢它科幻的造型，很有概念车的感觉，开上它感觉进入了未来世界，非常的拉风，车头有一条贯穿式的等待，和L系列有异曲同工之处，超流线型的车身线条，特别均匀协调，打算后期去改一套孩子喜欢的动漫车膜贴上，估计相当拉风。,5.0,内饰其实和之前看过的L系列差不多，几乎没有什么改变，算是理想的经典之作吧，所以延续到了MEMA车上，不管是设计美观度还是舒适度都非常高，座椅和方向盘的皮质材料特别的细腻有质感，带座椅通风加热按摩功能，柔软度也挺高的。,4.0,买车时优惠比较少，但是送的东西比较多，服务也挺到位的，相比之前大几万的优惠和补贴一去不复返了，还交了购置税，总体来说还是换车换晚了。,5.0,配置一大堆，标配360、高阶智能辅助驾驶、手机APP远程操控、语音交互识别系统、流媒体后视镜等，每一样配置都让我觉得它是一辆超豪华超高规格的车，相当满意。,0,,0,,63144,19,77,"接送小孩, 自驾游",https://k.autohome.com.cn/detail/view_01j5ng44sh6mt34csn74s00000.html#pvareaid=2112108,2026-05-10 13:17:28
21,6,理想MEGA,2024款 Ultra,2024-07-16,蛋总不是吧,我的大朋友理想MEGA,1865km,16.5kWh,,,550公里,,,,52.00万,2024-06,成都,最满意的其实就是理想MEGA的外观了，说出这话，我不知道会不会被喷，但是既然选择了，我也不怕，青菜萝卜各有所爱吧，其实抛开网上很多的负面言语外，它的外观真是很前卫，说实话，现今的市面上它属于特立独行的独一份，把传统的MPV只能作为商务车变成了更多用于家用的可能性，不仅把外观做到了极致，也把空间做到了极致，外型很具有未来感，时尚运动外加科幻，很像一辆概念车。,不满意的就是没有电吸门，当时看车时，看到L9甚至L7都带有电吸门，觉得好高级哦，花了更多的钱买MEGA，居然还没有电吸门，有点想不通。每次关门都是那种比较生硬的关门声，难听。,5.0,空间也很大，因为家里人多，就算换一辆大六座的SUV也满足不了我们全家人的出行，还得开两个车，所以直接就上MPV吧，不仅刚刚好，而且空间还超大，特别是后备厢让我特别的惊喜，全家出行居然能把每个人的行李箱都放下，简直不敢相信，目测不大，但是却很能装。第三排位置也没有想象中的那么拥挤，虽然都是孩子坐，但是空间还是比较富裕的。就算是成年人坐下都没有问题。,5.0,车不仅长也挺重的，但是开起来后，你就不会觉得自己开的是一辆MPV了，因为每次驾驶时都觉得特别的轻巧流畅，在高速上行驶时你会觉得特别的沉稳，毕竟风阻很小。动力充沛，就算电量很低时，也不影响动力的提升。辅助驾驶基本上全路段都能用了，特别的聪明，现在开始大部分时间都在用这个功能。,5.0,续航还不错，市区开基本上能跑五百多公里，高速上会变少一点。总之续航很满意，到处都有充电站，长途出行也没有里程焦虑。,5.0,外观我个人还是很喜欢的，甚至我的家人和朋友都觉得这辆车的外型特别的出众，跑在路上的回头率特别的高，我就不知道为什么网上会传出那么多不同的声音，真的让人很无语呢。扁平的车头，方正的大灯，再带一条贯穿式灯带，虽然没有L系列的星环灯那么大气，但是也别有一番风味，特别的有科幻感觉。整个车身就像一头猎豹匍匐在地的感觉样，随时准备着向前奔跑。,5.0,内饰我选择了和外观一样的白色，更简洁大方，而且还干净温馨，前排和L系列基本一致的布局，本身就是我比较喜欢的之一，前排的视野特别的开阔，这个天气如果前面不贴隔热膜会特别的难受，建议大家买车时第一时间先去贴膜。二排还有独立的娱乐屏和车载冰箱，这个夏天出门简直爽到爆。,5.0,性价比还是不错的，因为喜欢它，所以我决定为它买单，身边也有人觉得不太值当，但是我开过，我就觉得它是最好的。,5.0,配置还是很全面的，基本上市面上有的功能它都有了，最喜欢的应该就是它的智能辅助驾驶功能了，每天开出去大多数时间我都是用辅助驾驶，自己会更加轻松一些。,0,,0,,69097,0,171,,https://k.autohome.com.cn/detail/view_01j2y2wnxx6mskje1r6gw00000.html#pvareaid=2112108,2026-05-10 13:17:35
21,6,理想MEGA,2024款 Ultra,2024-03-19,先掏钱再抬杠,买mega没那么多理由，只是家庭刚需而已。,200km,,16.3kWh,,,550公里,,,55.98万,2024-03,北京,"我个人认为买车不是一件非常严肃的事情，并且没有十全十美的，也大可不必像专业测评机构或自媒体一样庖丁解牛。所谓的追求性价比，我认为也不太现实，毕竟一分钱一分货，买的没有卖的精。一台车只能对应一个最大的特点，只需要考虑这个特点是否能和自己的需求最大程度的契合，就足够了。我买mega这台车,初衷来说，没有那么多复杂的想法，我认为mpv最重要的一点就是让家中每个人都能乘坐舒适，相对现在市场上其他车型，只有mega的第三排给予了尊重感，家里的岳母和老妈不会再争着第三排而让我产生压力。谁坐都可以，多么舒服不敢说，至少以家人的体型，都不会难受。",1没有电吸门，之前长时间用L9，现在不习惯重重换门。 2车变大了不少，冰箱却没有变大。,5.0,我全家没有特别大号的身材，我自己180公分-170斤，我好朋友1米86 180斤，我们两个坐第三排完全没问题，家里之前的mpv是V260L，客观说把260L三排推到最后面，和Mega空间差不多，但那样做V260L后备箱就只能放一个小箱子了，但mega还可以放不少东西，以前还没有体验过把三排座椅翻折的机会。毕竟家里成员比较多，我和爱人，两个孩子，一个司机，一个阿姨，已经几乎满座了，第三排翻折这种使用场景，对我来说应该不会太多。,5.0,粗略说，驾驶方向盘比L9重，加速起步比较稳，重点是滤震和静音比2022款L9强一个档次。配合智能驾驶和智能泊车，总体还是能赶到明显提升的，能给五星是因为l9本身就不差。 还要重点说一下尺寸问题，很多人担心mega尺寸过大，认为在城市内不好行驶不好停车，但对比l9来说，虽然长度长了十几厘米，但同时宽度也比L9要窄三公分左右，停一些狭小的，旁边有柱子的停车位，反而更轻松一些。 我仔细对比了l9过减速带或者马路上的裂纹，感觉滤振性能提升比较明显。我自己现在选用的魔毯模式是舒适中的运动，其他模式还没有尝试过。 静音和音响升级我打算放在一起，因为直观感受提升最大的一个环节，举个具体的例子，在声音放到25%左右的情况下，在城市内行驶，速度在70左右的环境下，基本上可以做到听音乐放电影，所有的细节声音都能听得到。车内两个人的对话，完全可以压低声音交谈。,4.0,刚刚提车，北京市，温度10℃+，跑了195公里，有两段机场高速，大部分时间是市内中轻度拥堵，电耗16.5，这么推算，满电跑大概530左右，这数据比我理想状态少一些，但应该也够用。跑高速的话，就看充电桩数量了。,5.0,几种颜色各有风格，我并不喜欢加价的大象灰，反而黑白撞色是我一直喜欢的颜色，之前家里的几台车也都有这种配色。前排星环配合ona小蓝灯在黑天科技感十足！至于车头的流线型，我个人是认可的，因为我性格本身比较开朗，喜欢出挑一些的设计，可能很多人都不喜欢，这个也正常。但确实提车之后，无论是停放还是行驶，都有路人过来看以及拍摄，回头率话题度还是很高的。也算是心里比较有满足感。反而最受争议的尾部设计，我是最喜欢的，黑天里，在远处用手机打开车，那条灯线真的非常漂亮。,4.0,理想老车主来说，内饰设计自然没有什么新意了，只能说这个丝绒材质我个人比较认可，不知道后续有没有什么搭理保养问题。 我认为内饰方面提升最大的是副驾驶的座椅升级，因为之前有奔驰v260l的对比，长途状况下，我基本都要坐在副驾位置（家里有专职司机），长时间行驶，其实副驾非常累，并不比第3排舒服多少，但mega配备了副驾的皇后座椅，也有腿托功能，长时间乘坐舒适度大大提升。,3.0,理想这次给了老车主复购三万积分，以及6000度电的电卡，已经比当初买L9好不少了，不过这些也都是附属品。车价55.98万，肯定不算物美价廉，但我个人认为还好，一线城市多孩家庭应该都能承受，至于网上说针对富人家庭的车，那也言过其实了。,5.0,理想的车机系统，我一直认为是所有品牌中名列前茅的。人机语言沟通无障碍，并且还有手势活动的功能，以及自己集成研发的mindGPt功能。可玩性还是挺强的。,0,,0,,123271,0,108,,https://k.autohome.com.cn/detail/view_01hsbm2nvq6msk2d9p6wrg0000.html#pvareaid=2112108,2026-05-10 13:17:42
21,6,理想MEGA,2024款 Ultra,2024-03-19,帕美开着腰酸,理想MEGA杭州第一批首提,900km,,20.0kWh,,,550公里,450公里,,55.98万,2024-03,杭州,坐姿非常高，有一种开路虎揽胜君临天下的感觉，坐在车里视野非常好，这个对比L9提升了非常高，这10万块和L9的差距我觉得就值回来了，因为身高185，需要高坐姿把脚伸展开来，这样才会比较舒服，上周进行了一趟杭州上海的自驾游，因为坐姿的舒服才一口气开了一趟，带孩子在迪士尼也玩的很开心 有任何事情都可以喊理想同学，包括让理想同学写作文和画画，甚至还可以用任务大师，一上车就自动关闭低速行车音，一到中午在单位就自动把二排座椅躺倒开启空调关闭遮阳帘，全自动的操作在汽油车上简直不敢想，真的太智能化了，而且理想的座椅按摩很舒服，力道很足，屁股上也有臀部按摩，开车累了困了立马开启座椅按摩就很舒服了 自动驾驶很先进，进入地库可以自动驶入自己的地下车位，甚至帮你倒车入库，在高速和高架上开启NOA也可以解放双脚，可以说跑高速整个人会很轻松，也就理想可以轻松的做到！,1.主驾驶坐垫太短，理想压根没考虑到身高180以上的车主的大腿和膝盖下方的支撑问题去，同价位的顶配宝马5系和奔驰E都标配了主驾驶腿托，伸长了那一部分对腿部支撑就会很舒服，ES8同样也标配了，但是理想可能设计座椅的员工没有高个子，竟然这一点没有考虑到，太让人失望了！ 2.二排躺下的时候，如果把腿托伸起来，结果小腿竟然会伸不直，其他汽油MPV都没有这个问题，理想需要立刻OTA一下，把腿托伸起来的同时不能让座椅自动往前移 3.现在20KW的充电桩竟然不能预约充电，既然在车机和手机APP都有这个预约充电的功能，如果不能使用，如何不提前发个通告呢？,5.0,主驾驶空间非常完美，坐姿可以调的很高，有一种君临天下的感觉，非常喜欢。就这个高坐姿，卖60万我也愿意买单！,5.0,驾驶感受很舒服，动力随叫随到，转向开了运动模式，方向盘指哪打哪，可以说操控碾压保时捷卡宴，提速也嘎嘎猛，理想真的太让人满意了！,5.0,5C麒麟电池牛，在服务区上个厕所，回来电就充满了，这么快的充电速度，压根没有里程焦虑，就是5C充电电价太贵了，充了14分钟花了54元！,5.0,这个外观，可以说领先了10年，除了特斯拉的cybertruck可以媲美，其他200万之内有什么车敢说外观设计比MEGA更新颖？很骄傲在中国有理想这样的汽车新势力，设计出了如此完美的外观！,4.0,内饰就是这个二排腿托的问题需要立马OTA。汽油MPV都没这个问题。为何理想就没有考虑到呢？难道理想的内饰设计师都是小矮子吗！,5.0,55.98没有任何优惠，6000元的地方补贴都没拿到，因为我是3.11号提车的。14号拱墅区政府才给了6000元补贴，亏大了！,5.0,理想同学的可以说是新势力里面做的最灵的，还可以在车里唱歌，冰箱也可以手机上操控开启制冷制热，到了地下车库还可以自动记录泊车位和自动到车，真的是遥遥领先，我为中国有如此先进的新能源汽车感到骄傲。理想希望你越来越好！,0,,0,,73908,54,83,,https://k.autohome.com.cn/detail/view_01hsb6m1836msk2d9n6mr00000.html#pvareaid=2112108,2026-05-10 13:17:49
21,6,理想MEGA,2024款 Ultra,2024-03-19,ipqsnsy,梦中的mega 公路高铁和移动的大平层,80km,,19.0kWh,,,575公里,,,56.00万,2024-03,杭州,1、等这车很久了，从理想内部开发代号w01就在关注了，外形特立独行，很圆润（低风阻），内部空间很大，第二排超过宝马7系和第三排超过宝马5系，两者都十分宽敞。 2、车机ota算是新势力的头部，秉承着常开常升（ota），常升常新。 3、理想配套服务很快，锁单后交付立即联系，到后面的充电桩的勘测和安装，沟通效率都很高。 4、对小朋友很友好，在二排甚至三排的设置中，很多细节的考虑都体现了理想造车的理念和价值取向，把细节藏于产品，用产品服务车主，那才是一个车企造车的正循环。,1、希望理想可以把交流电提升到11kw或者更高，交流充电7kw对于100度电池还是慢了一些，当然装20kw直流的可以忽略。 2、加快市区充电桩的建设，让理想纯电车随便可以享受5c电池带来的超冲快乐，同理服务区也是，情绪价值后者更甚。 3、后轮转向什么的希望下一代可以看到。,5.0,二排三排空间是同类mpv top1，这么说应该没问题吧，尤其是第三排，同比其他mpv简直拉满，没有比这更大的空间了。,5.0,底盘和nvh相当可以，开起来做起来有悬浮感，过马路的时候，很多震动都会过滤掉，超乎想象。,4.0,刚提车，能效应该马马虎虎过得去吧，后续看ota能否还有空间升级下续航。此外应该加快5c站点的建设，把充电桩密度有所提升。,5.0,线条很流畅，低风阻，好的设计都是三笔可以完成的，mega就是，很多保时捷车子也是。很多人接受不了，还需要时间吧。,5.0,内饰是poliform审美，我很喜欢，less is more。简洁到恰如其分的设置，不需要过于暴发户的装饰。做这个减法，还是很考验车企的功底。,4.0,性价比一般，本以为52.98w，不过mega作为旗舰，是标杆，为了后面的m987设置高点也可以理解，但权益个人感觉还是给了太少了，虽然给了20kw直流桩,5.0,ota是理想家特色，这点已经不用怀疑，现在是期待5.1的月底推送，希望无线热点和转弯hud显示可以用上。,0,,0,,103498,0,130,,https://k.autohome.com.cn/detail/view_01hsb3j0rk6msk2d9n68v00000.html#pvareaid=2112108,2026-05-10 13:17:56
21,6,理想MEGA,2024款 Ultra,2024-03-19,亚马逊专业人士,新车主的直观感受,385km,,17.5kWh,,,535公里,,,56.00万,2024-03,杭州,说实话，没提车之前还纠结，提车之后真心舒服，理想，你只有拥有了之后才能知道好不好！,就是太抠，没有买了车被很好的对待的感觉，其他都还不错,4.0,很多车的空间也很大，这个车的空间也没的说，储物空间也够！后备箱确实足够装很多东西！不过如果放置物架更好，第三排我能做下去，而且我是比较胖的，空间利用率也不错，不过还有一点就是第三排如果放到，能不能多送一个隔层架子。不然很多东西会显得很乱。这个在实际使用中，就知道了。很多车后备箱乱。就是这个细节。,5.0,这么大的车，路上加速足够，秒很多车，空调反应也快，刹车好像有点不完美，前4后2必须安排上，就等后面有没有改装了，方向盘反应稍微轻了点，毕竟那么大的车，不过mpv还是稳重点好,5.0,赶紧加多一点充电桩，不然这是一个问题，听说6月份前比较完整了，但是不要只考虑服务区，至于宇航，充电时间，这个目前还没有实际实测，再观察一段时间再补充，电池衰减这个没有2-3年应该体现不出来的！,5.0,纯属个人感受，有一说一，都说这个车好，那个车好，也有很多黑这个车的，但是你提了没，拿到手后，说实话流线喜欢，玻璃面积很大，天窗很大，只是遮阳帘不是电动不完美，做工比试驾车完美很多，但是也有遗憾，侧面门槛必须不锈钢处理下，不然以后磨损也严重，,5.0,全车真皮座椅，1和2排通风，加热，按摩，全部安排上了。还不错的，内饰不高端，但也到位了，空调反应和效果都不错，第三排竟然真的可以坐的舒服，难得！至于空调的过滤性，有待验证，以后我会根据实际使用来补充一下！,5.0,购车目前没有什么优惠，以后准备背刺了，反正麻木了，价格上这个不好说，看个人，我个人觉得偏贵一些，你们说呢，保养给了全部5年还不错。我是老车主，售后服务有一说一，很让人省心！,5.0,车机流流畅，但是很多界面需要完善，尤其是地图这个功能，非常非常重要，其他功能，目前足够使用，期待更多好的优化，主要是车载系统要更简单安全，后排的安全性必须考虑清楚，尤其是影响视线的问题，,0,,0,,32376,0,34,,https://k.autohome.com.cn/detail/view_01hsazjq976msk2d9m70t00000.html#pvareaid=2112108,2026-05-10 13:18:05
21,6,理想MEGA,2024款 Ultra,2024-12-26,金睿涵,理想mega超出预期,19000km,,,20.0kWh,,,480公里,,53.00万,2024-09,广州,理想Mega，50万的国产车，买前难免犹豫。9月提车至今，实际体验远超预期。外观设计新颖独特，车内空间宽敞舒适，智能配置丰富实用。动力强劲，续航出色，满足日常出行与长途旅行。驾驶感受平稳，操控性佳。家人乘坐体验也很好，无论是舒适性还是便利性都令人满意。总之，它不仅是一辆车，更像是一个移动的家，为出行带来了高品质的享受，物超所值。,二排窗遮阳帘可以再改进下 现在的纯手动有点不好使,5.0,空间满意 三排座椅舒适,5.0,平时开运动模式悬挂不错 驾驶感不像一台大车,5.0,南方市区基本能跑到1:1,5.0,外观很前卫,5.0,内饰质感很好,5.0,物有所值,5.0,很好用 ota每次升级都诚意满满,0,,0,,1473,0,0,,https://k.autohome.com.cn/detail/view_01jg0z8xzw6mtk4d1j6gwg0000.html#pvareaid=2112108,2026-05-10 13:18:12
21,6,理想MEGA,2024款 Ultra,2024-08-14,蒋校长007,MEGA 目前最好的家用Mpv,15000km,15.0kWh,,,500公里,,,,55.90万,2024-03,济宁,人性化 个性化 舒适 升级更新及时 倾听客户需求,电池小了一点 140度电池就好了 充电站数量还需要加强,5.0,空间完全够用 一家人出行 很满意 三排座椅大人乘坐也没问题,5.0,底盘调教很舒服 操控也比较精准 开起来不像这么大的车 大灯的亮度还需要再好一些,4.0,续航我驾驶喜欢比较好 所以够用 但是还希望电池能够升级一下,5.0,外观本人十分满意 至于不满意的都是非车主 所以不做考量,5.0,我选的白色内饰 皮质做工摸起来比较舒服 唯一的遗憾就是顶部如果选用翻毛皮鹿皮就好了,4.0,性价比呢 如果跟国产品牌来比较谈不上性价比 如果你考虑过其他进口Mpv 再看理想肯定值了,5.0,智能化经过不断的OTA 基本是国内第一梯队了 理想同学还是可圈可点的,0,,0,,3210,0,2,,https://k.autohome.com.cn/detail/view_01j58nk6206mt32e9r64vg0000.html#pvareaid=2112108,2026-05-10 13:18:19
21,6,理想MEGA,2024款 Ultra,2024-06-25,棉花糖甜得腻,MPV就算MEGA准没错,850km,17.3kWh,,,550公里,,,,52.98万,2024-05,成都,其实买理想MEGA一直都在犹豫，个人是非常喜欢的，但是家里人挺反对的，并不是不喜欢它，而是因为网上对它外观的评价不太好，所以一直就等到现在好说歹说终于被我做好了他们的心理工作，挺不容易的，我反而最喜欢的就是mega的外观了，独树一帜的外观造型，具有超前的未来感，区别于市面上大多数的MPV设计，更加贴近生活和家庭，这不正是我所需要的吗。提车后都还没来得及上牌就首选去贴了一套车衣，急急忙忙的来给大家分享一下内心的喜悦。,刚提车不久，内心目前还充满了对它的新鲜和探索，不满意的地方有一点吧，其实关注这辆车已经很久了，经常到4S店去转转，每次去看车上下车时关门都有点不习惯，以前的车都有电吸门，而MEGA却没有，关门比较生硬，而且声音比较难听，有点掉价。,5.0,MPV最让人关注的点应该就是它的空间结构了，当然我也非常的在意，提车前每次坐在车内都会想象一下家人坐在车内的感受，用自己的身体去量寸体验，包括后备箱的纳物空间。既然最终选择了，那肯定是满意的，特别是第三排和后备箱特别满意，第三排基本上就两个孩子乘坐，对他们来说，空间完全够了，甚至可以说非常宽敞。后备箱也比其他MPV大很多，每次满载远行行李会特别的多，当时销售还特意给我展示了一下4个大行李箱和两个小行李箱的摆放，确实惊讶到我了。,5.0,现在就在市区开过，整个坐姿很高，前排的视野很好，电车的优势就是起步顺畅，没有延迟顿挫，加速迅猛，电门一踩就会很及时的反馈到速度上面来，在车流量很小的三环路上感受了一下，一直顶着限速在跑，车身的稳定性很高，跑起来几乎听不到风噪声，隔音效果优秀。车身虽然很长，但是转弯还是很轻松的。,5.0,续航总体表现不错，目前17.3的电耗，看数据显示满电状态基本上能跑五百五十公里左右， 不管是市区还是长途驾驶都没问题，没有里程焦虑了。,5.0,外观我一向都保持对它的最大尊重，存在即合理，有人喜欢就一定有人不喜欢，MEGA的外观确实存在及其极端的两面性，个性鲜明，所以就导致一些不良商家借题发挥，这种做法及其低劣和不可取。但是真正喜欢它的人绝不会妥协，会用自己的实际行动去接纳自己喜欢的事物，就比如我就看重了它极具个性化的设计，超越现阶段的未来感，适合真正意义上家庭使用MPV，只要自己喜欢的，我就会排除万难，尽最大努力的去得到，一些负面的言论，比起我内心的喜欢，不值一提。,5.0,我选了白色的内饰，家庭使用，这个颜色更加的温馨有家庭氛围，每排座椅都很柔软，坐上去就跟沙发一样，很舒服，皮质材料的手感特别棒，而且刚提车都没有发现有什么异味，家里有孩子，这点理想做得确实很不错，而且大部分区域都是软皮包裹了，不愧是主打的家庭用车，每一处细节都处理得很到位，前排大连屏设计也很符合我的心意。长途驾驶听听歌，看看电影，可以减少出行的无趣和疲惫感。而且后排还有一个单独的屏幕，不占用空间，位置也恰到好处，能够照顾到后面每个乘员的观影体验。特别好。搭配了独立冰箱，夏天来了随时可以喝上冰镇饮料。,5.0,性价比很高，mega刚出来时还要贵一点，现在下定还优惠了好几万，比我的预期有实惠了一些，还有五千元的选装基金，所以毫不犹豫的选了大象灰车漆。,5.0,用了目前市面上最好的8295芯片，运行速度确实很流畅快速，还有语音交互能力很优秀，各种方言的识别能力很高，新奇的配置简直太多了，还有专属的任务大师，Mind GPT，绘画功能，流媒体后视镜等等，说都说不完。,0,,0,,8984,4,6,,https://k.autohome.com.cn/detail/view_01j16rxhqa6mskgd1p6gs00000.html#pvareaid=2112108,2026-05-10 13:18:26
21,6,理想MEGA,2024款 Ultra,2024-05-23,哔哩啪啦1,全家出行选MEGA准没错,2500km,,17.2kWh,,,540公里,,,55.98万,2024-03,成都,最满意的是MEGA的大空间，一直都想买一辆适合家用的MPV，因为家里人口比较多，普通的SUV完全满足不了需要，所以一直在纠结对比中，之前也看过理想L9，但是还是感觉不是很合适，所以一直就搁置下来了，至从等到MEGA的上市，实地看过后发现除了外观内饰都挺满意外，最让我满意的就是空间了，七座的空间布局刚好满足我们全家的需要，最另外惊喜的就是后备箱的空间足够大，每次满载出行都能放下所有人的行李，因为是家用，所以更多的需求都是为了满足家人的乘坐舒适度，MEGA几乎满足了我们所有的需要。,不满意的暂时还没有，因为刚买将近两个月的时间，每次驾驶都会让我发现它的闪光点，给我一些小小的惊喜，以后发现缺点了，我再来补充。,5.0,空间表现特别的完美，五一假期带着家人来了一次长途旅行，所有人坐在里面都感觉特别的舒服，而且还很宽敞，后备箱也塞得满满的，完全没有什么东西能带，什么东西不能带的顾虑了，觉得有用的都一股脑的全部带上，居然全部放下了。真的挺能装的，非常满意。,5.0,大多数情况下我都是在跑高速或者近郊游玩使用，提速非常的快，就算电量比较低的情况下也不会有掉速或者起步缓慢的情况发生，整个驾驶过程只能用线性和柔滑来形容，让你就像坐高铁一样的平顺稳定。在高速上我喜欢开启辅助驾驶系统，各种超车变道、障碍物主动避让、加减速等操作都像一名老司机样，大胆果断，判断准确，安全可靠。,5.0,市区近郊使用完全没有里程焦虑，就算长途出行几乎都能在服务区使用理想的5C充电桩，补能非常的方便，目前行驶了2500多公里，很大一部分里程都是在高速上跑出来的。沿途设计好补能计划，下车短暂休息就可以补能几百公里。,5.0,MEGA的外观在网上被吐槽得很厉害，我买它之前说实话也犹豫了很久，但是说实话，对比了很多车型后，发现能跟它做比较的车型，几乎没有，外观的造型本身是很出众的，个人以及家人都非常的喜欢，就是因为卖得太好，被不良的竞争对手恶意中伤，挺遗憾的，我属于很坚持自我的性格，不管别人怎么评价，只要自己喜欢就好，了解到竞争对手真实的目的后，我选择了相信自己的眼光，所以选择了它。整个造型都特别的科幻未来，线条匀称高级，非常抢眼。,5.0,内饰设计也特别的豪华，冰箱彩电大沙发，坐上座椅上非常的柔软，而且前排两个特别大的双联屏，加上后排的吸顶屏幕，让长途旅行过程中的娱乐性大大的增强了，完全没有旅途的疲惫感，反而增加了更多的娱乐性。全车都采用了无按键的设计，让整个车内看起来更加的简洁大方，很有科技感，几乎所有的操作都可以通过语音来操纵。而且手能触摸到的地方都采用了软皮包裹，质感很好。,5.0,个人觉得性价比还是蛮好的，我刚好需要，它刚好出现，而且还送了20KW的直流充电桩。家充简直太香了。,5.0,智能化方面我觉得应该是目前市面上做得最好的了，语音交互的识别能力非常强，还有手势控制，目前经过OTA升级也有了车机热点和转向的HOD显示，另外车机上还配置了自研的GPT和绘画功能，这两个功能是家里孩子最喜欢的，每次上车就会问一些稀奇古怪的问题，让我也学到了很多。,0,,0,,9504,9,8,,https://k.autohome.com.cn/detail/view_01hyhv0kb26mskcc1q70r00000.html#pvareaid=2112108,2026-05-10 13:18:32
21,6,理想MEGA,2024款 Ultra,2024-05-22,梭哈哈5484,家庭好帮手 mega出场,800km,,16.8kWh,,,550公里,,,55.98万,2024-03,成都,从理想宣布要退出MPV刻起就一直在关注它，虽然网上出现了很多宣传图，但是没有一款是定性了的，所以直到最终发布我才看清了它的庐山真面目，那一刻说实话我是真的很激动，不管是外形还是内部空间，还有内饰的的各个方面，都让我眼前一亮，因为二孩家庭的我，不需要过于商务化的车型，只针对家用，市面上的MPV都过于商务化了，所以理想MEGA的出现真的解决了我的大问题，从理想L7开始到理想MEGA，我成为了理想最忠实的粉丝。,不喜欢的就是缺少了电吸门，用惯了L7车上的电吸门后，现在用MEGA一点都不习惯，很多次都没关上。不知道OTA能不能解决这个问题。,5.0,最开始我对MPV的后备箱容量还是保持着很大质疑的，就算网上看到很多报道说MEGA的后备箱容量很大，我依然持怀疑态度，直到线下看到实车后，亲自感受了一下，真的让我很惊喜，这个容量不正是我所需要的吗？就算全家长途出行也不怕放不下行李了。乘员仓的前排和二排就不需要说了，非常的大，第三排也是我所关心的，实际体验后发现依然很宽大，坐在里面完全没有局促的感觉，因为家人都没有特别高大和肥胖的人，所以不管是谁坐第三排就没有任何的问题。,5.0,因为是纯电车型，风阻系数更小，跑在路上感觉比L系列的车型更加的安静了，一家人坐在车内聊天看电视、听歌都能享受到更好的静逸空间。电车开习惯后真的就回不去了，不管是城市道路还是高速，行驶起来都非常的丝滑，没有档位之间的顿挫感。,5.0,续航总体还是挺满意的，长途行驶中途也有很多充电站可以补能，而且很多服务区都有理想的超级快充，所以还是非常方便快捷的。现在逐渐进入夏季了，电耗还是降低了一些，基本维持在16-17kmh/100km左右。,5.0,理想总是能够把车的外形做得与众不同，L系列的出现就开始大卖，得到了一大批家庭的追捧，到了MEGA的出现，虽然网上对它的外观充斥了太多的负面消息，但是依然不能改变我对它的喜爱，车子本身就是拿来使用的，只要外观符合我的审美，内部能够帮我解决我大部分的需求，那么它对于我来说就是好产品。整个车身的形态特别的科幻运动，就像来自于未来的一款车。我属于非常能够接受新兴事物的人，所以外观方面我只遵从我自己内心的选择。,5.0,内饰其实跟L系列没有太多的区别，格局和配置几乎都是一样的，给我感觉就是整个乘员仓内的视野更加的宽了，特别是第一排，让驾乘人员在行驶的过程中更清晰的看到驾驶环境，提升了驾驶安全性。,5.0,对于真正有需要的家庭来说，这个价格属于中偏上了，实际上谈性价比不太妥当，喜欢的就会很喜欢，不喜欢的你免费送他都觉得多余，所以针对我来说，这个价格是没有毛病的，至少让我感受到了更多的新鲜事物，体验感也相比其他传统车型更加的好。而且首批车主还有附加的电卡积分赠送。,5.0,智能化表现更加的强大了，相对老款L系列，增加了8295芯片，算力更强，另外还有非常强大的语音交互功能，各种方言都能听懂，特别的实用。最喜欢的就是车机自带的GPT功能了，给我的生活、工作提供了很大的方便。,0,,0,,8444,5,15,"接送小孩, 自驾游, 跑长途",https://k.autohome.com.cn/detail/view_01hyfqg3g46mskcc1j6mwg0000.html#pvareaid=2112108,2026-05-10 13:18:39
